"rt","correct_response","response","time_elapsed","img_fname","img_category","img_subtype","img_version","sound_fname","sound_category","sound_subtype","sound_version","exp_part","part","ID"
"2934","j","j","79845","bird_hawk_2","bird","hawk","2","phone_sound_A","phone","sound","A","practice","result","pilotb_vowxfvp8da"
"4575","f","f","86455","bird_song_1","bird","song","1","bird_sound_B","bird","sound","B","practice","result","pilotb_vowxfvp8da"
"3959","j","j","92434","bird_hawk_2","bird","hawk","2","motor_label_B","motor","label","B","practice","result","pilotb_vowxfvp8da"
"932","f","f","95366","drum_kit_2","drum","kit","2","drum_label_B","drum","label","B","practice","result","pilotb_vowxfvp8da"
"1461","f","f","98860","dog_rott_2","dog","rott","2","dog_sound_B","dog","sound","B","practice","result","pilotb_vowxfvp8da"
"671","j","j","101549","bird_hawk_2","bird","hawk","2","drum_sound_A","drum","sound","A","practice","result","pilotb_vowxfvp8da"
"1249","j","j","123105","guitar_electric_2","guitar","electric","2","phone_label_B","phone","label","B","actual","result","pilotb_vowxfvp8da"
"965","f","f","126070","guitar_electric_1","guitar","electric","1","guitar_sound_A","guitar","sound","A","actual","result","pilotb_vowxfvp8da"
"732","j","j","128801","guitar_electric_1","guitar","electric","1","drum_sound_B","drum","sound","B","actual","result","pilotb_vowxfvp8da"
"700","f","f","131514","drum_bongo_2","drum","bongo","2","drum_sound_B","drum","sound","B","actual","result","pilotb_vowxfvp8da"
"660","j","j","134176","dog_rott_1","dog","rott","1","motor_sound_B","motor","sound","B","actual","result","pilotb_vowxfvp8da"
"601","j","j","136794","motor_dirt_2","motor","dirt","2","bird_label_A","bird","label","A","actual","result","pilotb_vowxfvp8da"
"653","j","j","139458","phone_rotary_1","phone","rotary","1","dog_sound_A","dog","sound","A","actual","result","pilotb_vowxfvp8da"
"542","j","j","142030","bird_hawk_2","bird","hawk","2","guitar_sound_A","guitar","sound","A","actual","result","pilotb_vowxfvp8da"
"967","j","j","145002","phone_cell_1","phone","cell","1","bird_label_A","bird","label","A","actual","result","pilotb_vowxfvp8da"
"587","f","f","147600","bird_song_1","bird","song","1","bird_label_B","bird","label","B","actual","result","pilotb_vowxfvp8da"
"484","f","f","150081","bird_hawk_1","bird","hawk","1","bird_label_A","bird","label","A","actual","result","pilotb_vowxfvp8da"
"517","j","j","152611","drum_bongo_1","drum","bongo","1","guitar_sound_A","guitar","sound","A","actual","result","pilotb_vowxfvp8da"
"476","j","j","155099","bird_hawk_1","bird","hawk","1","motor_sound_B","motor","sound","B","actual","result","pilotb_vowxfvp8da"
"620","f","f","157743","phone_cell_2","phone","cell","2","phone_label_B","phone","label","B","actual","result","pilotb_vowxfvp8da"
"660","f","f","160396","motor_dirt_2","motor","dirt","2","motor_label_A","motor","label","A","actual","result","pilotb_vowxfvp8da"
"769","j","f","163187","bird_song_1","bird","song","1","motor_sound_A","motor","sound","A","actual","result","pilotb_vowxfvp8da"
"620","j","j","165853","bird_song_1","bird","song","1","dog_sound_A","dog","sound","A","actual","result","pilotb_vowxfvp8da"
"575","j","j","168422","motor_dirt_1","motor","dirt","1","dog_label_B","dog","label","B","actual","result","pilotb_vowxfvp8da"
"794","f","f","171218","dog_york_1","dog","york","1","dog_label_B","dog","label","B","actual","result","pilotb_vowxfvp8da"
"1035","f","f","174275","drum_kit_2","drum","kit","2","drum_sound_A","drum","sound","A","actual","result","pilotb_vowxfvp8da"
"805","f","f","177091","bird_hawk_1","bird","hawk","1","bird_label_B","bird","label","B","actual","result","pilotb_vowxfvp8da"
"685","f","f","179804","motor_harley_1","motor","harley","1","motor_label_B","motor","label","B","actual","result","pilotb_vowxfvp8da"
"773","j","j","182588","drum_bongo_2","drum","bongo","2","dog_sound_B","dog","sound","B","actual","result","pilotb_vowxfvp8da"
"1232","j","j","185833","drum_bongo_2","drum","bongo","2","dog_label_B","dog","label","B","actual","result","pilotb_vowxfvp8da"
"821","f","f","188679","motor_dirt_2","motor","dirt","2","motor_sound_A","motor","sound","A","actual","result","pilotb_vowxfvp8da"
"508","f","f","191213","phone_rotary_2","phone","rotary","2","phone_sound_B","phone","sound","B","actual","result","pilotb_vowxfvp8da"
"561","j","j","193799","bird_song_2","bird","song","2","drum_sound_B","drum","sound","B","actual","result","pilotb_vowxfvp8da"
"559","f","f","196379","guitar_acoustic_1","guitar","acoustic","1","guitar_sound_A","guitar","sound","A","actual","result","pilotb_vowxfvp8da"
"645","j","j","199041","guitar_acoustic_1","guitar","acoustic","1","bird_sound_A","bird","sound","A","actual","result","pilotb_vowxfvp8da"
"582","f","f","201627","guitar_electric_1","guitar","electric","1","guitar_sound_A","guitar","sound","A","actual","result","pilotb_vowxfvp8da"
"649","f","f","204288","dog_rott_2","dog","rott","2","dog_sound_A","dog","sound","A","actual","result","pilotb_vowxfvp8da"
"957","f","j","207241","drum_bongo_1","drum","bongo","1","drum_sound_A","drum","sound","A","actual","result","pilotb_vowxfvp8da"
"1790","f","f","211055","drum_kit_1","drum","kit","1","drum_label_B","drum","label","B","actual","result","pilotb_vowxfvp8da"
"633","j","j","213686","drum_kit_1","drum","kit","1","phone_label_B","phone","label","B","actual","result","pilotb_vowxfvp8da"
"1034","j","j","216727","phone_rotary_2","phone","rotary","2","motor_label_A","motor","label","A","actual","result","pilotb_vowxfvp8da"
"526","f","f","219274","guitar_electric_2","guitar","electric","2","guitar_sound_A","guitar","sound","A","actual","result","pilotb_vowxfvp8da"
"568","j","j","221863","guitar_acoustic_1","guitar","acoustic","1","dog_sound_A","dog","sound","A","actual","result","pilotb_vowxfvp8da"
"474","f","f","224349","phone_cell_1","phone","cell","1","phone_label_A","phone","label","A","actual","result","pilotb_vowxfvp8da"
"657","f","f","227015","motor_harley_1","motor","harley","1","motor_sound_A","motor","sound","A","actual","result","pilotb_vowxfvp8da"
"584","f","f","229603","drum_bongo_2","drum","bongo","2","drum_sound_B","drum","sound","B","actual","result","pilotb_vowxfvp8da"
"456","f","f","232075","motor_harley_2","motor","harley","2","motor_label_A","motor","label","A","actual","result","pilotb_vowxfvp8da"
"616","f","f","234713","phone_rotary_1","phone","rotary","1","phone_label_B","phone","label","B","actual","result","pilotb_vowxfvp8da"
"649","f","f","237375","guitar_acoustic_2","guitar","acoustic","2","guitar_sound_A","guitar","sound","A","actual","result","pilotb_vowxfvp8da"
"569","j","j","239946","bird_hawk_1","bird","hawk","1","dog_label_B","dog","label","B","actual","result","pilotb_vowxfvp8da"
"545","f","f","242501","guitar_electric_1","guitar","electric","1","guitar_label_A","guitar","label","A","actual","result","pilotb_vowxfvp8da"
"491","f","f","244998","bird_song_2","bird","song","2","bird_sound_B","bird","sound","B","actual","result","pilotb_vowxfvp8da"
"460","f","f","247475","dog_york_2","dog","york","2","dog_label_B","dog","label","B","actual","result","pilotb_vowxfvp8da"
"395","f","f","249880","motor_harley_1","motor","harley","1","motor_sound_B","motor","sound","B","actual","result","pilotb_vowxfvp8da"
"506","j","f","252401","phone_rotary_2","phone","rotary","2","motor_sound_A","motor","sound","A","actual","result","pilotb_vowxfvp8da"
"781","j","j","255206","phone_cell_2","phone","cell","2","motor_sound_B","motor","sound","B","actual","result","pilotb_vowxfvp8da"
"395","f","f","257602","bird_song_2","bird","song","2","bird_sound_A","bird","sound","A","actual","result","pilotb_vowxfvp8da"
"698","j","j","260299","bird_song_2","bird","song","2","motor_sound_A","motor","sound","A","actual","result","pilotb_vowxfvp8da"
"1183","j","j","263496","guitar_electric_2","guitar","electric","2","bird_label_A","bird","label","A","actual","result","pilotb_vowxfvp8da"
"749","f","f","266256","motor_harley_1","motor","harley","1","motor_sound_A","motor","sound","A","actual","result","pilotb_vowxfvp8da"
"419","f","f","268700","dog_york_2","dog","york","2","dog_sound_A","dog","sound","A","actual","result","pilotb_vowxfvp8da"
"828","j","j","271523","drum_bongo_2","drum","bongo","2","phone_label_A","phone","label","A","actual","result","pilotb_vowxfvp8da"
"432","j","j","273973","motor_dirt_1","motor","dirt","1","dog_sound_B","dog","sound","B","actual","result","pilotb_vowxfvp8da"
"595","f","f","276568","motor_harley_2","motor","harley","2","motor_sound_B","motor","sound","B","actual","result","pilotb_vowxfvp8da"
"856","f","f","279444","motor_dirt_1","motor","dirt","1","motor_sound_A","motor","sound","A","actual","result","pilotb_vowxfvp8da"
"955","f","f","282422","guitar_electric_2","guitar","electric","2","guitar_sound_B","guitar","sound","B","actual","result","pilotb_vowxfvp8da"
"468","j","j","284884","drum_kit_2","drum","kit","2","bird_label_B","bird","label","B","actual","result","pilotb_vowxfvp8da"
"626","f","f","287522","guitar_electric_2","guitar","electric","2","guitar_sound_A","guitar","sound","A","actual","result","pilotb_vowxfvp8da"
"401","f","f","289930","bird_song_2","bird","song","2","bird_label_A","bird","label","A","actual","result","pilotb_vowxfvp8da"
"592","j","j","292551","dog_york_1","dog","york","1","guitar_label_B","guitar","label","B","actual","result","pilotb_vowxfvp8da"
"528","j","j","295083","bird_hawk_1","bird","hawk","1","drum_label_A","drum","label","A","actual","result","pilotb_vowxfvp8da"
"447","j","j","297533","drum_kit_1","drum","kit","1","phone_label_A","phone","label","A","actual","result","pilotb_vowxfvp8da"
"950","f","f","300500","drum_bongo_1","drum","bongo","1","drum_label_A","drum","label","A","actual","result","pilotb_vowxfvp8da"
"682","j","j","303179","motor_harley_1","motor","harley","1","guitar_sound_B","guitar","sound","B","actual","result","pilotb_vowxfvp8da"
"448","f","f","305644","guitar_acoustic_1","guitar","acoustic","1","guitar_sound_B","guitar","sound","B","actual","result","pilotb_vowxfvp8da"
"931","j","j","308589","dog_rott_1","dog","rott","1","drum_label_B","drum","label","B","actual","result","pilotb_vowxfvp8da"
"883","f","f","311488","bird_song_1","bird","song","1","bird_sound_A","bird","sound","A","actual","result","pilotb_vowxfvp8da"
"665","f","f","314153","guitar_acoustic_2","guitar","acoustic","2","guitar_label_A","guitar","label","A","actual","result","pilotb_vowxfvp8da"
"386","f","f","316553","motor_harley_2","motor","harley","2","motor_sound_A","motor","sound","A","actual","result","pilotb_vowxfvp8da"
"615","f","f","319162","phone_rotary_2","phone","rotary","2","phone_sound_B","phone","sound","B","actual","result","pilotb_vowxfvp8da"
"592","j","j","321771","phone_rotary_1","phone","rotary","1","guitar_sound_A","guitar","sound","A","actual","result","pilotb_vowxfvp8da"
"723","j","j","324500","phone_rotary_2","phone","rotary","2","drum_sound_A","drum","sound","A","actual","result","pilotb_vowxfvp8da"
"521","j","j","327033","guitar_acoustic_2","guitar","acoustic","2","motor_label_B","motor","label","B","actual","result","pilotb_vowxfvp8da"
"473","j","j","329509","bird_song_2","bird","song","2","guitar_sound_A","guitar","sound","A","actual","result","pilotb_vowxfvp8da"
"419","j","j","331954","motor_dirt_2","motor","dirt","2","drum_label_A","drum","label","A","actual","result","pilotb_vowxfvp8da"
"654","j","j","334620","dog_york_1","dog","york","1","bird_label_B","bird","label","B","actual","result","pilotb_vowxfvp8da"
"557","f","f","337195","dog_york_2","dog","york","2","dog_label_B","dog","label","B","actual","result","pilotb_vowxfvp8da"
"449","j","j","339644","bird_song_1","bird","song","1","motor_label_A","motor","label","A","actual","result","pilotb_vowxfvp8da"
"637","f","f","342296","dog_rott_2","dog","rott","2","dog_label_A","dog","label","A","actual","result","pilotb_vowxfvp8da"
"630","j","j","344934","phone_rotary_1","phone","rotary","1","motor_sound_A","motor","sound","A","actual","result","pilotb_vowxfvp8da"
"662","j","j","347599","guitar_electric_2","guitar","electric","2","drum_label_B","drum","label","B","actual","result","pilotb_vowxfvp8da"
"703","j","j","350322","phone_rotary_1","phone","rotary","1","dog_label_A","dog","label","A","actual","result","pilotb_vowxfvp8da"
"2110","f","f","354458","drum_kit_2","drum","kit","2","drum_label_A","drum","label","A","actual","result","pilotb_vowxfvp8da"
"663","j","j","357140","dog_rott_2","dog","rott","2","guitar_label_A","guitar","label","A","actual","result","pilotb_vowxfvp8da"
"546","j","j","359705","phone_cell_1","phone","cell","1","motor_label_B","motor","label","B","actual","result","pilotb_vowxfvp8da"
"539","f","f","362246","guitar_acoustic_2","guitar","acoustic","2","guitar_sound_A","guitar","sound","A","actual","result","pilotb_vowxfvp8da"
"437","j","j","364706","bird_hawk_1","bird","hawk","1","guitar_sound_B","guitar","sound","B","actual","result","pilotb_vowxfvp8da"
"828","j","j","367545","drum_bongo_1","drum","bongo","1","bird_sound_B","bird","sound","B","actual","result","pilotb_vowxfvp8da"
"443","j","j","369992","dog_york_1","dog","york","1","guitar_label_A","guitar","label","A","actual","result","pilotb_vowxfvp8da"
"367","f","f","372364","drum_bongo_1","drum","bongo","1","drum_sound_B","drum","sound","B","actual","result","pilotb_vowxfvp8da"
"522","f","f","374896","dog_rott_1","dog","rott","1","dog_sound_B","dog","sound","B","actual","result","pilotb_vowxfvp8da"
"1051","f","f","377958","motor_dirt_2","motor","dirt","2","motor_sound_A","motor","sound","A","actual","result","pilotb_vowxfvp8da"
"715","j","j","380699","drum_bongo_2","drum","bongo","2","bird_label_A","bird","label","A","actual","result","pilotb_vowxfvp8da"
"960","f","f","383679","phone_cell_2","phone","cell","2","phone_sound_B","phone","sound","B","actual","result","pilotb_vowxfvp8da"
"945","f","f","386644","drum_kit_2","drum","kit","2","drum_sound_A","drum","sound","A","actual","result","pilotb_vowxfvp8da"
"761","f","f","389409","drum_bongo_1","drum","bongo","1","drum_label_B","drum","label","B","actual","result","pilotb_vowxfvp8da"
"746","j","j","392171","dog_rott_2","dog","rott","2","phone_sound_B","phone","sound","B","actual","result","pilotb_vowxfvp8da"
"2159","j","j","396339","phone_cell_2","phone","cell","2","guitar_sound_B","guitar","sound","B","actual","result","pilotb_vowxfvp8da"
"694","j","j","399048","motor_harley_1","motor","harley","1","phone_label_B","phone","label","B","actual","result","pilotb_vowxfvp8da"
"793","f","f","401853","dog_york_1","dog","york","1","dog_sound_A","dog","sound","A","actual","result","pilotb_vowxfvp8da"
"4418","j","j","408283","drum_bongo_1","drum","bongo","1","motor_label_B","motor","label","B","actual","result","pilotb_vowxfvp8da"
"2610","j","j","412896","bird_hawk_2","bird","hawk","2","phone_sound_A","phone","sound","A","actual","result","pilotb_vowxfvp8da"
"640","j","j","415551","drum_bongo_1","drum","bongo","1","phone_sound_B","phone","sound","B","actual","result","pilotb_vowxfvp8da"
"1454","f","f","419022","dog_rott_1","dog","rott","1","dog_sound_A","dog","sound","A","actual","result","pilotb_vowxfvp8da"
"1878","f","f","422919","guitar_electric_1","guitar","electric","1","guitar_sound_B","guitar","sound","B","actual","result","pilotb_vowxfvp8da"
"781","j","j","425720","drum_bongo_1","drum","bongo","1","guitar_label_B","guitar","label","B","actual","result","pilotb_vowxfvp8da"
"708","j","j","428432","drum_bongo_2","drum","bongo","2","bird_sound_B","bird","sound","B","actual","result","pilotb_vowxfvp8da"
"554","j","j","430983","motor_dirt_2","motor","dirt","2","bird_label_B","bird","label","B","actual","result","pilotb_vowxfvp8da"
"543","f","f","433524","guitar_electric_1","guitar","electric","1","guitar_sound_B","guitar","sound","B","actual","result","pilotb_vowxfvp8da"
"881","j","j","436410","motor_dirt_2","motor","dirt","2","bird_sound_A","bird","sound","A","actual","result","pilotb_vowxfvp8da"
"541","j","j","438956","bird_hawk_1","bird","hawk","1","drum_sound_B","drum","sound","B","actual","result","pilotb_vowxfvp8da"
"475","j","j","441430","motor_dirt_2","motor","dirt","2","drum_sound_A","drum","sound","A","actual","result","pilotb_vowxfvp8da"
"366","f","f","443825","guitar_acoustic_1","guitar","acoustic","1","guitar_label_A","guitar","label","A","actual","result","pilotb_vowxfvp8da"
"612","j","j","446438","dog_york_2","dog","york","2","phone_sound_B","phone","sound","B","actual","result","pilotb_vowxfvp8da"
"425","f","f","448861","motor_harley_2","motor","harley","2","motor_label_B","motor","label","B","actual","result","pilotb_vowxfvp8da"
"440","f","f","451321","bird_hawk_1","bird","hawk","1","bird_sound_B","bird","sound","B","actual","result","pilotb_vowxfvp8da"
"835","j","j","454184","drum_kit_2","drum","kit","2","bird_label_A","bird","label","A","actual","result","pilotb_vowxfvp8da"
"1062","f","f","457271","dog_york_1","dog","york","1","dog_label_A","dog","label","A","actual","result","pilotb_vowxfvp8da"
"710","j","j","459981","drum_kit_1","drum","kit","1","guitar_label_A","guitar","label","A","actual","result","pilotb_vowxfvp8da"
"436","f","f","462420","guitar_acoustic_2","guitar","acoustic","2","guitar_label_B","guitar","label","B","actual","result","pilotb_vowxfvp8da"
"385","f","f","464820","dog_york_2","dog","york","2","dog_sound_A","dog","sound","A","actual","result","pilotb_vowxfvp8da"
"433","f","f","467266","dog_york_2","dog","york","2","dog_sound_B","dog","sound","B","actual","result","pilotb_vowxfvp8da"
"509","f","f","469787","motor_harley_1","motor","harley","1","motor_sound_B","motor","sound","B","actual","result","pilotb_vowxfvp8da"
"390","f","f","472181","bird_hawk_2","bird","hawk","2","bird_sound_B","bird","sound","B","actual","result","pilotb_vowxfvp8da"
"661","j","j","474849","motor_harley_2","motor","harley","2","drum_label_A","drum","label","A","actual","result","pilotb_vowxfvp8da"
"636","f","f","477491","drum_kit_1","drum","kit","1","drum_label_A","drum","label","A","actual","result","pilotb_vowxfvp8da"
"418","j","f","479919","drum_bongo_2","drum","bongo","2","phone_sound_B","phone","sound","B","actual","result","pilotb_vowxfvp8da"
"644","f","f","482582","phone_rotary_1","phone","rotary","1","phone_label_A","phone","label","A","actual","result","pilotb_vowxfvp8da"
"663","f","f","485262","drum_kit_1","drum","kit","1","drum_sound_A","drum","sound","A","actual","result","pilotb_vowxfvp8da"
"521","f","f","487801","bird_song_2","bird","song","2","bird_sound_A","bird","sound","A","actual","result","pilotb_vowxfvp8da"
"470","f","f","490264","bird_hawk_2","bird","hawk","2","bird_label_B","bird","label","B","actual","result","pilotb_vowxfvp8da"
"535","j","j","492806","phone_rotary_2","phone","rotary","2","guitar_sound_A","guitar","sound","A","actual","result","pilotb_vowxfvp8da"
"2043","f","f","496864","drum_bongo_2","drum","bongo","2","drum_sound_A","drum","sound","A","actual","result","pilotb_vowxfvp8da"
"845","j","j","499709","dog_york_1","dog","york","1","phone_label_A","phone","label","A","actual","result","pilotb_vowxfvp8da"
"509","f","f","502243","dog_rott_1","dog","rott","1","dog_label_B","dog","label","B","actual","result","pilotb_vowxfvp8da"
"534","f","f","504792","phone_cell_2","phone","cell","2","phone_sound_A","phone","sound","A","actual","result","pilotb_vowxfvp8da"
"515","f","f","507306","bird_song_1","bird","song","1","bird_sound_B","bird","sound","B","actual","result","pilotb_vowxfvp8da"
"372","f","f","509696","dog_york_1","dog","york","1","dog_sound_B","dog","sound","B","actual","result","pilotb_vowxfvp8da"
"404","f","f","512124","phone_cell_1","phone","cell","1","phone_label_B","phone","label","B","actual","result","pilotb_vowxfvp8da"
"435","f","f","514558","dog_rott_2","dog","rott","2","dog_label_A","dog","label","A","actual","result","pilotb_vowxfvp8da"
"501","f","f","517070","motor_dirt_1","motor","dirt","1","motor_label_B","motor","label","B","actual","result","pilotb_vowxfvp8da"
"473","f","f","519554","drum_bongo_2","drum","bongo","2","drum_label_A","drum","label","A","actual","result","pilotb_vowxfvp8da"
"577","f","f","522155","guitar_acoustic_2","guitar","acoustic","2","guitar_sound_B","guitar","sound","B","actual","result","pilotb_vowxfvp8da"
"568","j","j","524733","motor_harley_1","motor","harley","1","dog_sound_A","dog","sound","A","actual","result","pilotb_vowxfvp8da"
"420","f","f","527145","phone_rotary_1","phone","rotary","1","phone_sound_B","phone","sound","B","actual","result","pilotb_vowxfvp8da"
"489","f","f","529642","drum_kit_2","drum","kit","2","drum_label_B","drum","label","B","actual","result","pilotb_vowxfvp8da"
"887","j","j","532544","bird_song_1","bird","song","1","guitar_sound_B","guitar","sound","B","actual","result","pilotb_vowxfvp8da"
"582","j","j","535134","drum_kit_2","drum","kit","2","motor_sound_B","motor","sound","B","actual","result","pilotb_vowxfvp8da"
"646","j","j","537789","motor_dirt_1","motor","dirt","1","phone_label_A","phone","label","A","actual","result","pilotb_vowxfvp8da"
"538","j","j","540334","bird_song_2","bird","song","2","guitar_label_B","guitar","label","B","actual","result","pilotb_vowxfvp8da"
"523","j","j","542863","drum_bongo_1","drum","bongo","1","bird_label_B","bird","label","B","actual","result","pilotb_vowxfvp8da"
"620","f","f","545490","phone_rotary_2","phone","rotary","2","phone_label_B","phone","label","B","actual","result","pilotb_vowxfvp8da"
"622","j","j","548139","guitar_acoustic_2","guitar","acoustic","2","bird_sound_A","bird","sound","A","actual","result","pilotb_vowxfvp8da"
"595","j","j","550730","bird_song_1","bird","song","1","phone_label_B","phone","label","B","actual","result","pilotb_vowxfvp8da"
"455","f","f","553203","bird_hawk_2","bird","hawk","2","bird_sound_A","bird","sound","A","actual","result","pilotb_vowxfvp8da"
"385","f","f","555599","bird_song_2","bird","song","2","bird_label_B","bird","label","B","actual","result","pilotb_vowxfvp8da"
"536","f","f","558133","dog_york_2","dog","york","2","dog_label_A","dog","label","A","actual","result","pilotb_vowxfvp8da"
"802","j","j","560928","motor_harley_2","motor","harley","2","drum_label_B","drum","label","B","actual","result","pilotb_vowxfvp8da"
"628","j","j","563563","guitar_acoustic_1","guitar","acoustic","1","drum_sound_B","drum","sound","B","actual","result","pilotb_vowxfvp8da"
"620","j","j","566174","drum_kit_1","drum","kit","1","phone_sound_B","phone","sound","B","actual","result","pilotb_vowxfvp8da"
"592","j","j","568773","guitar_acoustic_1","guitar","acoustic","1","drum_label_B","drum","label","B","actual","result","pilotb_vowxfvp8da"
"491","j","j","571268","dog_rott_2","dog","rott","2","motor_sound_B","motor","sound","B","actual","result","pilotb_vowxfvp8da"
"457","f","f","573752","bird_hawk_1","bird","hawk","1","bird_sound_B","bird","sound","B","actual","result","pilotb_vowxfvp8da"
"494","f","f","576250","bird_song_2","bird","song","2","bird_sound_B","bird","sound","B","actual","result","pilotb_vowxfvp8da"
"478","f","f","578732","bird_hawk_1","bird","hawk","1","bird_sound_A","bird","sound","A","actual","result","pilotb_vowxfvp8da"
"486","j","j","581222","bird_hawk_1","bird","hawk","1","motor_sound_A","motor","sound","A","actual","result","pilotb_vowxfvp8da"
"628","f","f","583843","phone_cell_1","phone","cell","1","phone_sound_A","phone","sound","A","actual","result","pilotb_vowxfvp8da"
"464","f","f","586299","phone_rotary_1","phone","rotary","1","phone_label_B","phone","label","B","actual","result","pilotb_vowxfvp8da"
"635","j","j","588946","guitar_electric_2","guitar","electric","2","bird_sound_B","bird","sound","B","actual","result","pilotb_vowxfvp8da"
"490","f","f","591455","bird_song_1","bird","song","1","bird_label_A","bird","label","A","actual","result","pilotb_vowxfvp8da"
"491","j","j","593954","phone_rotary_2","phone","rotary","2","guitar_label_A","guitar","label","A","actual","result","pilotb_vowxfvp8da"
"598","j","j","596553","bird_hawk_1","bird","hawk","1","phone_sound_A","phone","sound","A","actual","result","pilotb_vowxfvp8da"
"469","f","f","599026","dog_rott_1","dog","rott","1","dog_label_A","dog","label","A","actual","result","pilotb_vowxfvp8da"
"659","j","j","601693","bird_hawk_1","bird","hawk","1","dog_label_A","dog","label","A","actual","result","pilotb_vowxfvp8da"
"643","f","j","604331","bird_hawk_1","bird","hawk","1","bird_label_B","bird","label","B","actual","result","pilotb_vowxfvp8da"
"625","j","j","606983","bird_song_1","bird","song","1","phone_sound_A","phone","sound","A","actual","result","pilotb_vowxfvp8da"
"672","f","f","609665","dog_york_1","dog","york","1","dog_sound_A","dog","sound","A","actual","result","pilotb_vowxfvp8da"
"390","f","f","612066","guitar_electric_2","guitar","electric","2","guitar_label_A","guitar","label","A","actual","result","pilotb_vowxfvp8da"
"714","j","j","614785","phone_cell_2","phone","cell","2","guitar_label_B","guitar","label","B","actual","result","pilotb_vowxfvp8da"
"506","j","j","617305","phone_cell_1","phone","cell","1","guitar_label_A","guitar","label","A","actual","result","pilotb_vowxfvp8da"
"392","f","f","619693","dog_rott_1","dog","rott","1","dog_label_A","dog","label","A","actual","result","pilotb_vowxfvp8da"
"695","f","f","622404","motor_dirt_1","motor","dirt","1","motor_sound_B","motor","sound","B","actual","result","pilotb_vowxfvp8da"
"716","f","f","625124","drum_bongo_1","drum","bongo","1","drum_sound_B","drum","sound","B","actual","result","pilotb_vowxfvp8da"
"667","f","f","627791","guitar_electric_2","guitar","electric","2","guitar_label_B","guitar","label","B","actual","result","pilotb_vowxfvp8da"
"628","j","j","630422","drum_kit_2","drum","kit","2","motor_label_B","motor","label","B","actual","result","pilotb_vowxfvp8da"
"666","j","j","633091","dog_rott_1","dog","rott","1","phone_label_B","phone","label","B","actual","result","pilotb_vowxfvp8da"
"394","f","f","635499","motor_harley_2","motor","harley","2","motor_label_B","motor","label","B","actual","result","pilotb_vowxfvp8da"
"450","f","f","637965","dog_rott_2","dog","rott","2","dog_sound_B","dog","sound","B","actual","result","pilotb_vowxfvp8da"
"574","j","j","640540","motor_harley_1","motor","harley","1","phone_label_A","phone","label","A","actual","result","pilotb_vowxfvp8da"
"769","j","j","643330","motor_dirt_1","motor","dirt","1","bird_label_A","bird","label","A","actual","result","pilotb_vowxfvp8da"
"425","f","f","645761","bird_song_1","bird","song","1","bird_sound_A","bird","sound","A","actual","result","pilotb_vowxfvp8da"
"1290","j","j","649065","motor_harley_1","motor","harley","1","phone_sound_B","phone","sound","B","actual","result","pilotb_vowxfvp8da"
"528","j","f","651593","guitar_acoustic_1","guitar","acoustic","1","phone_sound_B","phone","sound","B","actual","result","pilotb_vowxfvp8da"
"688","f","f","654317","motor_dirt_1","motor","dirt","1","motor_sound_B","motor","sound","B","actual","result","pilotb_vowxfvp8da"
"506","f","f","656835","guitar_acoustic_2","guitar","acoustic","2","guitar_label_A","guitar","label","A","actual","result","pilotb_vowxfvp8da"
"405","f","f","659250","bird_hawk_2","bird","hawk","2","bird_sound_A","bird","sound","A","actual","result","pilotb_vowxfvp8da"
"704","j","j","661959","bird_song_2","bird","song","2","drum_sound_A","drum","sound","A","actual","result","pilotb_vowxfvp8da"
"771","j","j","664740","drum_kit_1","drum","kit","1","bird_label_A","bird","label","A","actual","result","pilotb_vowxfvp8da"
"693","j","j","667447","motor_dirt_1","motor","dirt","1","drum_sound_A","drum","sound","A","actual","result","pilotb_vowxfvp8da"
"583","j","j","670040","motor_harley_2","motor","harley","2","guitar_label_A","guitar","label","A","actual","result","pilotb_vowxfvp8da"
"618","f","f","672678","dog_york_2","dog","york","2","dog_label_A","dog","label","A","actual","result","pilotb_vowxfvp8da"
"627","j","j","675327","motor_dirt_1","motor","dirt","1","guitar_sound_A","guitar","sound","A","actual","result","pilotb_vowxfvp8da"
"550","f","f","677893","bird_hawk_2","bird","hawk","2","bird_label_A","bird","label","A","actual","result","pilotb_vowxfvp8da"
"431","j","j","680327","phone_rotary_1","phone","rotary","1","dog_label_B","dog","label","B","actual","result","pilotb_vowxfvp8da"
"521","j","j","682857","phone_rotary_2","phone","rotary","2","bird_label_B","bird","label","B","actual","result","pilotb_vowxfvp8da"
"567","f","f","685436","guitar_acoustic_1","guitar","acoustic","1","guitar_sound_A","guitar","sound","A","actual","result","pilotb_vowxfvp8da"
"657","j","j","688112","motor_harley_1","motor","harley","1","bird_sound_A","bird","sound","A","actual","result","pilotb_vowxfvp8da"
"1137","j","j","691253","guitar_acoustic_2","guitar","acoustic","2","drum_label_B","drum","label","B","actual","result","pilotb_vowxfvp8da"
"810","j","j","694070","dog_york_2","dog","york","2","motor_sound_A","motor","sound","A","actual","result","pilotb_vowxfvp8da"
"1078","j","j","697152","bird_hawk_1","bird","hawk","1","drum_sound_A","drum","sound","A","actual","result","pilotb_vowxfvp8da"
"659","f","f","699814","motor_dirt_2","motor","dirt","2","motor_label_B","motor","label","B","actual","result","pilotb_vowxfvp8da"
"687","j","j","702493","motor_dirt_2","motor","dirt","2","phone_label_A","phone","label","A","actual","result","pilotb_vowxfvp8da"
"534","f","f","705036","drum_kit_1","drum","kit","1","drum_label_A","drum","label","A","actual","result","pilotb_vowxfvp8da"
"618","f","f","707662","phone_rotary_2","phone","rotary","2","phone_label_A","phone","label","A","actual","result","pilotb_vowxfvp8da"
"580","f","f","710257","phone_cell_1","phone","cell","1","phone_sound_B","phone","sound","B","actual","result","pilotb_vowxfvp8da"
"658","j","j","712947","motor_dirt_2","motor","dirt","2","dog_sound_A","dog","sound","A","actual","result","pilotb_vowxfvp8da"
"601","j","j","715572","bird_song_1","bird","song","1","guitar_label_B","guitar","label","B","actual","result","pilotb_vowxfvp8da"
"953","j","j","718541","phone_rotary_2","phone","rotary","2","guitar_label_B","guitar","label","B","actual","result","pilotb_vowxfvp8da"
"503","j","j","721054","drum_kit_1","drum","kit","1","guitar_sound_B","guitar","sound","B","actual","result","pilotb_vowxfvp8da"
"703","f","f","723753","motor_harley_1","motor","harley","1","motor_label_B","motor","label","B","actual","result","pilotb_vowxfvp8da"
"762","j","j","726518","motor_dirt_2","motor","dirt","2","phone_sound_A","phone","sound","A","actual","result","pilotb_vowxfvp8da"
"424","j","j","728965","guitar_acoustic_1","guitar","acoustic","1","dog_sound_B","dog","sound","B","actual","result","pilotb_vowxfvp8da"
"765","j","j","731736","dog_york_1","dog","york","1","drum_label_A","drum","label","A","actual","result","pilotb_vowxfvp8da"
"674","j","j","734426","drum_kit_2","drum","kit","2","phone_label_B","phone","label","B","actual","result","pilotb_vowxfvp8da"
"586","j","j","737035","guitar_acoustic_1","guitar","acoustic","1","bird_sound_B","bird","sound","B","actual","result","pilotb_vowxfvp8da"
"488","j","j","739534","motor_dirt_1","motor","dirt","1","phone_sound_A","phone","sound","A","actual","result","pilotb_vowxfvp8da"
"430","j","j","741964","phone_rotary_2","phone","rotary","2","bird_sound_A","bird","sound","A","actual","result","pilotb_vowxfvp8da"
"410","f","f","744388","phone_cell_1","phone","cell","1","phone_label_A","phone","label","A","actual","result","pilotb_vowxfvp8da"
"520","j","j","746929","motor_harley_1","motor","harley","1","dog_sound_B","dog","sound","B","actual","result","pilotb_vowxfvp8da"
"760","j","j","749685","drum_kit_1","drum","kit","1","motor_sound_A","motor","sound","A","actual","result","pilotb_vowxfvp8da"
"620","f","f","752319","motor_dirt_1","motor","dirt","1","motor_label_A","motor","label","A","actual","result","pilotb_vowxfvp8da"
"586","f","f","754914","phone_cell_2","phone","cell","2","phone_sound_A","phone","sound","A","actual","result","pilotb_vowxfvp8da"
"623","f","f","757560","bird_hawk_1","bird","hawk","1","bird_sound_A","bird","sound","A","actual","result","pilotb_vowxfvp8da"
"642","j","j","760205","guitar_acoustic_2","guitar","acoustic","2","drum_sound_B","drum","sound","B","actual","result","pilotb_vowxfvp8da"
"804","f","f","763016","drum_kit_1","drum","kit","1","drum_sound_B","drum","sound","B","actual","result","pilotb_vowxfvp8da"
"780","j","j","765818","guitar_acoustic_2","guitar","acoustic","2","phone_sound_B","phone","sound","B","actual","result","pilotb_vowxfvp8da"
"753","j","j","768577","bird_hawk_2","bird","hawk","2","guitar_label_A","guitar","label","A","actual","result","pilotb_vowxfvp8da"
"404","f","f","771004","dog_york_2","dog","york","2","dog_sound_B","dog","sound","B","actual","result","pilotb_vowxfvp8da"
"670","j","j","773687","phone_rotary_2","phone","rotary","2","drum_label_A","drum","label","A","actual","result","pilotb_vowxfvp8da"
"453","j","j","776138","phone_cell_2","phone","cell","2","motor_sound_A","motor","sound","A","actual","result","pilotb_vowxfvp8da"
"408","j","j","778568","drum_bongo_1","drum","bongo","1","motor_label_A","motor","label","A","actual","result","pilotb_vowxfvp8da"
"634","f","j","781224","phone_cell_1","phone","cell","1","phone_sound_B","phone","sound","B","actual","result","pilotb_vowxfvp8da"
"547","f","f","783791","motor_dirt_2","motor","dirt","2","motor_label_A","motor","label","A","actual","result","pilotb_vowxfvp8da"
"672","j","j","786478","phone_rotary_1","phone","rotary","1","bird_label_A","bird","label","A","actual","result","pilotb_vowxfvp8da"
"448","f","f","788945","drum_bongo_2","drum","bongo","2","drum_label_B","drum","label","B","actual","result","pilotb_vowxfvp8da"
"482","f","f","791436","phone_rotary_1","phone","rotary","1","phone_sound_A","phone","sound","A","actual","result","pilotb_vowxfvp8da"
"574","j","j","794008","motor_harley_2","motor","harley","2","dog_label_A","dog","label","A","actual","result","pilotb_vowxfvp8da"
"504","f","f","796530","guitar_electric_1","guitar","electric","1","guitar_label_B","guitar","label","B","actual","result","pilotb_vowxfvp8da"
"519","j","j","799061","phone_cell_1","phone","cell","1","motor_sound_B","motor","sound","B","actual","result","pilotb_vowxfvp8da"
"409","f","f","801498","dog_rott_1","dog","rott","1","dog_sound_B","dog","sound","B","actual","result","pilotb_vowxfvp8da"
"551","j","j","804052","phone_rotary_1","phone","rotary","1","motor_label_A","motor","label","A","actual","result","pilotb_vowxfvp8da"
"444","j","j","806509","phone_rotary_1","phone","rotary","1","dog_sound_B","dog","sound","B","actual","result","pilotb_vowxfvp8da"
"773","j","j","809288","motor_dirt_2","motor","dirt","2","bird_sound_B","bird","sound","B","actual","result","pilotb_vowxfvp8da"
"560","f","f","811855","drum_kit_1","drum","kit","1","drum_label_B","drum","label","B","actual","result","pilotb_vowxfvp8da"
"560","f","f","814420","phone_rotary_1","phone","rotary","1","phone_sound_A","phone","sound","A","actual","result","pilotb_vowxfvp8da"
"661","j","j","817084","guitar_electric_1","guitar","electric","1","dog_label_B","dog","label","B","actual","result","pilotb_vowxfvp8da"
"575","f","f","819648","guitar_acoustic_2","guitar","acoustic","2","guitar_label_B","guitar","label","B","actual","result","pilotb_vowxfvp8da"
"496","f","f","822153","dog_york_1","dog","york","1","dog_label_B","dog","label","B","actual","result","pilotb_vowxfvp8da"
"454","j","j","824623","phone_cell_2","phone","cell","2","dog_label_A","dog","label","A","actual","result","pilotb_vowxfvp8da"
"552","j","j","827166","bird_hawk_2","bird","hawk","2","motor_label_A","motor","label","A","actual","result","pilotb_vowxfvp8da"
"1372","j","j","830564","motor_dirt_2","motor","dirt","2","guitar_sound_B","guitar","sound","B","actual","result","pilotb_vowxfvp8da"
"978","f","f","833533","drum_bongo_1","drum","bongo","1","drum_label_A","drum","label","A","actual","result","pilotb_vowxfvp8da"
"544","f","f","836079","motor_harley_2","motor","harley","2","motor_sound_B","motor","sound","B","actual","result","pilotb_vowxfvp8da"
"686","f","f","838775","drum_kit_2","drum","kit","2","drum_label_A","drum","label","A","actual","result","pilotb_vowxfvp8da"
"618","j","j","841400","motor_harley_1","motor","harley","1","dog_label_A","dog","label","A","actual","result","pilotb_vowxfvp8da"
"988","f","f","844401","drum_bongo_1","drum","bongo","1","drum_sound_A","drum","sound","A","actual","result","pilotb_vowxfvp8da"
"442","f","f","846851","drum_bongo_2","drum","bongo","2","drum_label_B","drum","label","B","actual","result","pilotb_vowxfvp8da"
"785","j","j","849648","phone_cell_2","phone","cell","2","motor_label_B","motor","label","B","actual","result","pilotb_vowxfvp8da"
"489","j","j","852143","drum_kit_2","drum","kit","2","dog_sound_A","dog","sound","A","actual","result","pilotb_vowxfvp8da"
"431","j","j","854582","phone_cell_2","phone","cell","2","dog_label_B","dog","label","B","actual","result","pilotb_vowxfvp8da"
"569","j","j","857150","phone_cell_2","phone","cell","2","drum_label_A","drum","label","A","actual","result","pilotb_vowxfvp8da"
"732","j","j","859886","guitar_electric_2","guitar","electric","2","drum_label_A","drum","label","A","actual","result","pilotb_vowxfvp8da"
"863","f","f","862773","motor_dirt_2","motor","dirt","2","motor_sound_B","motor","sound","B","actual","result","pilotb_vowxfvp8da"
"880","j","j","865671","phone_rotary_2","phone","rotary","2","motor_sound_B","motor","sound","B","actual","result","pilotb_vowxfvp8da"
"500","j","j","868178","motor_dirt_2","motor","dirt","2","phone_label_B","phone","label","B","actual","result","pilotb_vowxfvp8da"
"447","f","f","870633","dog_york_1","dog","york","1","dog_sound_B","dog","sound","B","actual","result","pilotb_vowxfvp8da"
"476","j","j","873109","phone_cell_1","phone","cell","1","bird_sound_A","bird","sound","A","actual","result","pilotb_vowxfvp8da"
"538","j","j","875655","bird_hawk_1","bird","hawk","1","guitar_sound_A","guitar","sound","A","actual","result","pilotb_vowxfvp8da"
"515","f","f","878178","dog_rott_2","dog","rott","2","dog_label_B","dog","label","B","actual","result","pilotb_vowxfvp8da"
"950","j","j","881140","motor_dirt_1","motor","dirt","1","dog_label_A","dog","label","A","actual","result","pilotb_vowxfvp8da"
"446","j","j","883591","motor_harley_1","motor","harley","1","dog_label_B","dog","label","B","actual","result","pilotb_vowxfvp8da"
"678","j","j","886270","dog_york_2","dog","york","2","motor_label_A","motor","label","A","actual","result","pilotb_vowxfvp8da"
"535","f","f","888824","motor_harley_2","motor","harley","2","motor_sound_A","motor","sound","A","actual","result","pilotb_vowxfvp8da"
"846","f","f","891680","motor_dirt_1","motor","dirt","1","motor_sound_A","motor","sound","A","actual","result","pilotb_vowxfvp8da"
"490","f","f","894172","phone_cell_2","phone","cell","2","phone_label_A","phone","label","A","actual","result","pilotb_vowxfvp8da"
"486","f","f","896650","dog_rott_1","dog","rott","1","dog_label_B","dog","label","B","actual","result","pilotb_vowxfvp8da"
"566","f","f","899230","phone_rotary_1","phone","rotary","1","phone_sound_B","phone","sound","B","actual","result","pilotb_vowxfvp8da"
"725","j","j","901963","phone_cell_2","phone","cell","2","drum_sound_A","drum","sound","A","actual","result","pilotb_vowxfvp8da"
"457","j","j","904410","motor_harley_1","motor","harley","1","drum_label_B","drum","label","B","actual","result","pilotb_vowxfvp8da"
"836","f","f","907244","drum_kit_2","drum","kit","2","drum_sound_B","drum","sound","B","actual","result","pilotb_vowxfvp8da"
"527","f","f","909780","bird_hawk_2","bird","hawk","2","bird_label_B","bird","label","B","actual","result","pilotb_vowxfvp8da"
"604","f","f","912386","motor_harley_1","motor","harley","1","motor_label_A","motor","label","A","actual","result","pilotb_vowxfvp8da"
"472","j","j","914865","dog_rott_1","dog","rott","1","bird_sound_B","bird","sound","B","actual","result","pilotb_vowxfvp8da"
"421","j","j","917300","phone_rotary_1","phone","rotary","1","bird_sound_B","bird","sound","B","actual","result","pilotb_vowxfvp8da"
"695","f","f","919999","drum_kit_1","drum","kit","1","drum_sound_A","drum","sound","A","actual","result","pilotb_vowxfvp8da"
"767","j","j","922770","motor_harley_2","motor","harley","2","drum_sound_A","drum","sound","A","actual","result","pilotb_vowxfvp8da"
"461","j","j","925242","bird_song_1","bird","song","1","drum_sound_A","drum","sound","A","actual","result","pilotb_vowxfvp8da"
"549","j","j","927793","dog_rott_1","dog","rott","1","motor_label_B","motor","label","B","actual","result","pilotb_vowxfvp8da"
"1072","f","f","930854","guitar_acoustic_2","guitar","acoustic","2","guitar_sound_B","guitar","sound","B","actual","result","pilotb_vowxfvp8da"
"560","j","j","933420","dog_york_1","dog","york","1","motor_label_B","motor","label","B","actual","result","pilotb_vowxfvp8da"
"730","j","j","936154","guitar_electric_1","guitar","electric","1","dog_label_A","dog","label","A","actual","result","pilotb_vowxfvp8da"
"556","f","f","938709","bird_song_2","bird","song","2","bird_label_B","bird","label","B","actual","result","pilotb_vowxfvp8da"
"549","j","j","941264","dog_york_1","dog","york","1","phone_sound_A","phone","sound","A","actual","result","pilotb_vowxfvp8da"
"417","f","f","943696","phone_rotary_2","phone","rotary","2","phone_label_A","phone","label","A","actual","result","pilotb_vowxfvp8da"
"555","f","f","946263","guitar_electric_2","guitar","electric","2","guitar_sound_B","guitar","sound","B","actual","result","pilotb_vowxfvp8da"
"434","j","j","948708","guitar_electric_2","guitar","electric","2","dog_sound_A","dog","sound","A","actual","result","pilotb_vowxfvp8da"
"454","f","f","951182","guitar_electric_1","guitar","electric","1","guitar_label_A","guitar","label","A","actual","result","pilotb_vowxfvp8da"
"531","f","f","953705","phone_cell_2","phone","cell","2","phone_sound_B","phone","sound","B","actual","result","pilotb_vowxfvp8da"
"658","j","j","956364","motor_harley_1","motor","harley","1","phone_sound_A","phone","sound","A","actual","result","pilotb_vowxfvp8da"
"1339","j","j","959721","phone_rotary_2","phone","rotary","2","drum_sound_B","drum","sound","B","actual","result","pilotb_vowxfvp8da"
"640","f","f","962369","bird_song_1","bird","song","1","bird_label_A","bird","label","A","actual","result","pilotb_vowxfvp8da"
"871","j","f","965236","drum_bongo_2","drum","bongo","2","guitar_sound_B","guitar","sound","B","actual","result","pilotb_vowxfvp8da"
"474","f","f","967739","bird_hawk_2","bird","hawk","2","bird_label_A","bird","label","A","actual","result","pilotb_vowxfvp8da"
"548","f","f","970291","phone_rotary_1","phone","rotary","1","phone_label_A","phone","label","A","actual","result","pilotb_vowxfvp8da"
"558","j","j","972860","dog_rott_2","dog","rott","2","bird_sound_A","bird","sound","A","actual","result","pilotb_vowxfvp8da"
"771","f","f","975640","bird_hawk_2","bird","hawk","2","bird_sound_B","bird","sound","B","actual","result","pilotb_vowxfvp8da"
"413","j","j","978046","bird_hawk_2","bird","hawk","2","phone_label_A","phone","label","A","actual","result","pilotb_vowxfvp8da"
"518","f","f","980578","motor_dirt_1","motor","dirt","1","motor_label_A","motor","label","A","actual","result","pilotb_vowxfvp8da"
"701","j","j","983292","phone_rotary_1","phone","rotary","1","bird_label_B","bird","label","B","actual","result","pilotb_vowxfvp8da"
"891","f","f","986184","phone_cell_1","phone","cell","1","phone_sound_A","phone","sound","A","actual","result","pilotb_vowxfvp8da"
"416","f","f","988611","phone_rotary_2","phone","rotary","2","phone_sound_A","phone","sound","A","actual","result","pilotb_vowxfvp8da"
"484","j","j","991090","motor_harley_2","motor","harley","2","bird_label_B","bird","label","B","actual","result","pilotb_vowxfvp8da"
"847","j","j","993945","motor_dirt_2","motor","dirt","2","guitar_label_B","guitar","label","B","actual","result","pilotb_vowxfvp8da"
"1058","j","j","997002","drum_bongo_2","drum","bongo","2","bird_sound_A","bird","sound","A","actual","result","pilotb_vowxfvp8da"
"1140","j","j","1000164","phone_rotary_2","phone","rotary","2","drum_label_B","drum","label","B","actual","result","pilotb_vowxfvp8da"
"470","j","j","1002640","phone_rotary_2","phone","rotary","2","dog_label_A","dog","label","A","actual","result","pilotb_vowxfvp8da"
"437","f","f","1005091","guitar_electric_2","guitar","electric","2","guitar_label_B","guitar","label","B","actual","result","pilotb_vowxfvp8da"
"504","j","j","1007604","motor_dirt_2","motor","dirt","2","drum_label_B","drum","label","B","actual","result","pilotb_vowxfvp8da"
"616","f","f","1010221","drum_kit_2","drum","kit","2","drum_label_B","drum","label","B","actual","result","pilotb_vowxfvp8da"
"726","f","f","1012956","drum_bongo_1","drum","bongo","1","drum_label_B","drum","label","B","actual","result","pilotb_vowxfvp8da"
"530","f","f","1015490","bird_hawk_1","bird","hawk","1","bird_label_A","bird","label","A","actual","result","pilotb_vowxfvp8da"
"486","j","f","1017981","bird_song_1","bird","song","1","dog_sound_B","dog","sound","B","actual","result","pilotb_vowxfvp8da"
"815","j","j","1020809","guitar_electric_1","guitar","electric","1","drum_label_A","drum","label","A","actual","result","pilotb_vowxfvp8da"
"430","f","f","1023254","motor_harley_2","motor","harley","2","motor_label_A","motor","label","A","actual","result","pilotb_vowxfvp8da"
"417","f","f","1025666","drum_bongo_2","drum","bongo","2","drum_sound_A","drum","sound","A","actual","result","pilotb_vowxfvp8da"
"718","j","j","1028395","dog_rott_1","dog","rott","1","guitar_label_B","guitar","label","B","actual","result","pilotb_vowxfvp8da"
"404","f","f","1030808","bird_song_1","bird","song","1","bird_sound_B","bird","sound","B","actual","result","pilotb_vowxfvp8da"
"354","f","f","1033164","motor_dirt_1","motor","dirt","1","motor_label_B","motor","label","B","actual","result","pilotb_vowxfvp8da"
"514","j","j","1035690","dog_york_2","dog","york","2","phone_sound_A","phone","sound","A","actual","result","pilotb_vowxfvp8da"
"507","f","f","1038215","guitar_electric_1","guitar","electric","1","guitar_label_B","guitar","label","B","actual","result","pilotb_vowxfvp8da"
"437","f","f","1040660","bird_song_2","bird","song","2","bird_label_A","bird","label","A","actual","result","pilotb_vowxfvp8da"
"780","f","f","1043433","motor_harley_1","motor","harley","1","motor_label_A","motor","label","A","actual","result","pilotb_vowxfvp8da"
"424","f","f","1045854","motor_dirt_2","motor","dirt","2","motor_label_B","motor","label","B","actual","result","pilotb_vowxfvp8da"
"491","f","f","1048354","phone_rotary_2","phone","rotary","2","phone_label_B","phone","label","B","actual","result","pilotb_vowxfvp8da"
"519","j","j","1050881","dog_york_2","dog","york","2","phone_label_B","phone","label","B","actual","result","pilotb_vowxfvp8da"
"684","j","j","1053579","phone_cell_1","phone","cell","1","guitar_sound_A","guitar","sound","A","actual","result","pilotb_vowxfvp8da"
"485","j","j","1056072","motor_harley_1","motor","harley","1","drum_sound_B","drum","sound","B","actual","result","pilotb_vowxfvp8da"
"624","f","f","1058711","phone_rotary_2","phone","rotary","2","phone_sound_A","phone","sound","A","actual","result","pilotb_vowxfvp8da"
"466","j","j","1061169","phone_cell_2","phone","cell","2","bird_label_B","bird","label","B","actual","result","pilotb_vowxfvp8da"
"721","f","f","1063900","guitar_acoustic_1","guitar","acoustic","1","guitar_label_B","guitar","label","B","actual","result","pilotb_vowxfvp8da"
"511","f","f","1066426","dog_rott_2","dog","rott","2","dog_sound_B","dog","sound","B","actual","result","pilotb_vowxfvp8da"
"422","f","f","1068864","dog_rott_2","dog","rott","2","dog_label_B","dog","label","B","actual","result","pilotb_vowxfvp8da"
"406","f","f","1071276","phone_cell_2","phone","cell","2","phone_label_A","phone","label","A","actual","result","pilotb_vowxfvp8da"
"402","f","f","1073677","guitar_acoustic_1","guitar","acoustic","1","guitar_label_B","guitar","label","B","actual","result","pilotb_vowxfvp8da"
"485","f","f","1076169","dog_rott_1","dog","rott","1","dog_sound_A","dog","sound","A","actual","result","pilotb_vowxfvp8da"
"797","j","j","1078980","guitar_electric_1","guitar","electric","1","motor_label_B","motor","label","B","actual","result","pilotb_vowxfvp8da"
"1370","j","j","1082365","phone_cell_2","phone","cell","2","dog_sound_B","dog","sound","B","actual","result","pilotb_vowxfvp8da"
"718","f","f","1085093","drum_kit_2","drum","kit","2","drum_sound_B","drum","sound","B","actual","result","pilotb_vowxfvp8da"
"519","f","f","1087615","motor_dirt_2","motor","dirt","2","motor_sound_B","motor","sound","B","actual","result","pilotb_vowxfvp8da"
"1283","j","j","1090907","guitar_electric_2","guitar","electric","2","drum_sound_B","drum","sound","B","actual","result","pilotb_vowxfvp8da"
"559","j","j","1093477","bird_song_2","bird","song","2","motor_label_A","motor","label","A","actual","result","pilotb_vowxfvp8da"
"643","j","j","1096128","phone_rotary_2","phone","rotary","2","dog_label_B","dog","label","B","actual","result","pilotb_vowxfvp8da"
"526","f","f","1098670","drum_bongo_2","drum","bongo","2","drum_label_A","drum","label","A","actual","result","pilotb_vowxfvp8da"
"1008","j","j","1101715","guitar_electric_1","guitar","electric","1","dog_sound_A","dog","sound","A","actual","result","pilotb_vowxfvp8da"
"426","j","j","1104158","bird_hawk_2","bird","hawk","2","guitar_sound_B","guitar","sound","B","actual","result","pilotb_vowxfvp8da"
"546","f","f","1106720","phone_cell_2","phone","cell","2","phone_label_B","phone","label","B","actual","result","pilotb_vowxfvp8da"
"2198","j","j","1110922","dog_rott_1","dog","rott","1","motor_label_A","motor","label","A","actual","result","pilotb_vowxfvp8da"
"651","j","j","1113599","guitar_electric_2","guitar","electric","2","phone_label_A","phone","label","A","actual","result","pilotb_vowxfvp8da"
"496","f","f","1116108","bird_song_1","bird","song","1","bird_label_B","bird","label","B","actual","result","pilotb_vowxfvp8da"
"601","f","f","1118729","guitar_acoustic_1","guitar","acoustic","1","guitar_sound_B","guitar","sound","B","actual","result","pilotb_vowxfvp8da"
"724","f","f","1121464","dog_york_1","dog","york","1","dog_label_A","dog","label","A","actual","result","pilotb_vowxfvp8da"
"743","f","f","1124216","phone_cell_1","phone","cell","1","phone_label_B","phone","label","B","actual","result","pilotb_vowxfvp8da"
"1927","j","j","1128149","phone_rotary_2","phone","rotary","2","bird_sound_B","bird","sound","B","actual","result","pilotb_vowxfvp8da"
"549","j","j","1130718","bird_hawk_1","bird","hawk","1","guitar_label_A","guitar","label","A","actual","result","pilotb_vowxfvp8da"
"418","f","f","1133151","dog_rott_2","dog","rott","2","dog_sound_A","dog","sound","A","actual","result","pilotb_vowxfvp8da"
"365","f","f","1135526","guitar_acoustic_1","guitar","acoustic","1","guitar_label_A","guitar","label","A","actual","result","pilotb_vowxfvp8da"
"667","j","j","1138209","guitar_electric_1","guitar","electric","1","motor_sound_B","motor","sound","B","actual","result","pilotb_vowxfvp8da"
"386","f","f","1140609","guitar_electric_2","guitar","electric","2","guitar_label_A","guitar","label","A","actual","result","pilotb_vowxfvp8da"
"597","j","j","1143218","bird_hawk_2","bird","hawk","2","dog_sound_B","dog","sound","B","actual","result","pilotb_vowxfvp8da"
"1633","f","f","1146869","drum_kit_1","drum","kit","1","drum_sound_B","drum","sound","B","actual","result","pilotb_vowxfvp8da"
